filename,hash
sw_movie_tvshopping_1.png,d05ee872cb316472d356b2af702d82fd3fe31ef770fcf72a635c3b17d62aa24b
release_energy[5x7]_10.png,9b123d597fff79baa8fff5f6adfb028bf8b0cd72edf0c009a6ca5b9452a708e0
pessis_thing_no_bg.png,dfe49bdf252f72877a9d4a6df807a6b515b29f564a04935c58bc4fe1fdfa881b
group_hug_0.png,4b9f3d222fb1e1a2ae899ca7fc67a23f213ffcf9ce0b34754193871dc6ebd40f
looking_at_photos_1_1.png,7856e967f11f1e7630f80189411fc76767ead8a3b2e5dbeadcdc601facfa50fa
hospital_mirror_1.png,cb4044d7ec0b6e8a1949c353a8b01b8b1f4e564ebf4d800558f7685a3686c1c5
dw_mirror_3_8.png,89cac7040399077f58fd82a85f8b6bfb8e5a9c9850dd1f50301554f17ecc7478
sw_movie_badger_5.png,b5b28efcd3cda652c5a8574a78ae257e503cefb0efc8b1700fb7d15a536aeb47
hospital_mirror_2.png,98152c3bd0a6c190f74313799d2c540867f3054c2a7b66944ca4d319d8aa7503
release_energy[5x7]_11.png,2b2c4b4d1febde71fdb1a31fac01df7e36e917fd2ee3beefe1b31eba697f170e
player_please_help_3_7.png,bfae4d7f141734c7ad9a224e55e5864a04ecc6b06a537806eade29e358a5ccd3
release_energy[5x7]_19.png,95c822bcc0fa72bedc32a6521cf35b2f3f035ebf1e6247f3ea69e2a497ba0db9
sw_movie_tvshopping_3.png,5b442d4a77fd9c824564a3a99e5e7b940fd4b62faf571f1caf92c0bad393c19f
omori_origin_group_1.png,84194022ffb450ac7bbf20c12811f884f35d4ab2d52de37b0bfad82d0f1cbf7c
sw_movie_tennistime_2.png,d57afe54e409af36a0a4b5cdae14910ecc9e8862808452a03760d8841a243831
dw_mirror_4_2.png,b2240ab0d00040a7fdf7e190d709351b43f2669e3dc8b02d210a4cb51d6209a6
pictures_fa_extra_8.png,7f8a087628c1a09028737fa5aa558cc00ddae187662ea78714deed5fb7a47ffa
bt_slimegirls_1.png,603022445b7bdd1c021922685ac7e1296dfcf31411e6f8ca55f9a485e4d5afb1
happy_chair.png,509fa372857cb809eec349ca748c293ea7975395a70fb03575e4b4d360828624
omori_at_the_piano_2_1.png,0cde182b4fc72318a14299a8ab04c3b8dd5ea7f65ee8aac839c3578ca7dbf30b
pluto_crack_1_1.png,c3f05150a262dd5a5fdeb2cec23ac8a9cc36ef01d0fd6b72975015102cebb2a8
looking_at_photos_2_5.png,1f5cd4b7cdb904df494d33dd433e16b2a111cb71f3614eac9f656f9df7d23e9f
mari_something_transform[3x2]_2.png,bb9cfdf0b2712f986bcc27cbc15f8dca1e2234e943c1235e6de0f718f7f0222a
bt_jawsum_bottom.png,d8ef664bf4790a96afa45fafe46a4adc14b2326806ee43ea22cce831492bf7ba
pictures_dw_extra_2.png,2b11331ca3949512dc5e5af2fbcd480bc32d9f414f9ac150b7158bdca2579829
release_energy[5x7]_21.png,e9c0ba27645f46aab5d823c453f7fa6c8ea43ea21e4a130cc74ce2423f1778cf
sw_movie_tvshopping_2.png,1b686bb5907db130a549730dbda4074d945ac28d8427b77722ee1419889744e9
fa_mirror_1_1.png,b1427a4d93d5ba3314654e922c49ee46a8c20799b9d3afec2327c1cb6079fe3d
DW_pluto_wanted.png,8f52a1bb812135c303173b1969a661c474ec7f80c69e4bdeb545f5ad3c6226e4
sw_movie_hypno_1.png,385b1650cb9af9231bbec7cc5a678c2a8d56f7704e085ba3f2d04313f22e4f71
sw_movie_badger_3.png,d1d53779be26dc7b83399b8063b04c882ac74eeb03faa052237024f8e9321215
brand_new_violin_7.png,ed037d43f7112cfa719828c6af7af9c3cd3902921f51e700f8407e8e05bc4b46
fa_mirror_1_2.png,3f734236af535a0a6416f4f1455e6668387dce4abad071de264f14132466f143
the_truth_0.png,792c34098e13509685e318b2a103ee053863b210068b59f2c62075cf12560d63
release_energy[5x7]_16.png,bfea96713cb35641e928979aca5aadd4864f906aded6aa5f3a4460b5486614e3
release_energy[5x7]_6.png,c52d50113540dcb68c35381315ea74482ef52ced8199da69874260ee7c4c5c04
first_swallow[5 x3]_2.png,d4d27fe299d6547ba76515e05ad26d85a23ada99466f6e6b821cd01f799c713c
pictures_dw_extra_7.png,f1bc6570bfcf29be32a9c230ef77b324b5577d181de8caf42c253ed49d1baf2c
looking_at_photos_3_1.png,59884d5f4160d7f42870dce6e16074f0a04d987ff2408947f4b79f2286810322
looking_at_photos_4_1.png,1e47e60bd9df049b93aa2df6e8791cde4c4a05fc16f95a82ba5a3610ca0ffad8
omori_at_the_piano_2_4.png,3441c5efdd27085a80d19a36410ebbdfb0e15af6e31447f477b0cf1e6d339e3c
dw_mirror_3_2.png,f44a339ba543a889d5060dbe67078aed7ce17c72d5281c2b5b9a89bb30c555ec
the_truth_2.png,8355926da52138b0f6519c3c1ec0d630b8a3d19230f9f14fa6be5cbf7946a283
omori_wakeup_day_4.png,a883ea1319dd3829cdc6861c37538cf4489359dda08b42b3d920c57cae453a0e
release_energy[5x7]_30.png,b75a1dd8cc6d53bedee977a9047e40e7316c7daf5c9361cf8a9bfcce65ede13b
release_energy[5x7]_22.png,df8ec2a2dc54f822fe89cd15610651b39d01661a3da84e364b585979ba288cb6
mari_mannequin_day.png,557e436f417f65e1abbef83e74f552be11b516cf1e0cfd9a97cad96ffc44ffc8
dw_mirror_2_8.png,c56c4fd509bc0c9f331a2474957b98fb4512f5fc6a36e5d3307742abea556aa2
looking_at_photos_1_4.png,770c047f3b0c91c432fbcd6579e2eb5bef35e97004d1da18282650e2fc8121d1
SW_Sweetheart.png,6a4cd3b14b6f5222d319e66c9e898a58afc59683160a9329e8aac583300c100e
bs_omori_face.png,3149a8ca223849626eb8dda673f2130ee0282a68248793544860fb13209c2b16
omori_wakeup_day_9.png,c8b0b11574c13691dfa5461a37c41085529428cc76802d016114809efe553ad4
fa_mirror_3_0.png,1abc35d445605235e97b7407fb03902aefd529a2d82ebfa08001cbf2ca7d7d21
fa_mirror_2_5.png,0de7a593b1cc063472efa9248476f0c314b11ed7be717d3a9090f0d31144a29d
omori_at_the_piano_2_5.png,50333f8fd20e06a5a57b3a2bf1417135b262bd585e7e492544698dd5fe538470
whitespace_intro_0.png,448bf0772eb58a73485cc277d42a13df9fb48f37b97a67f291feb56c9c4f621c
before_white_space_2_5.png,9d3cf9646097637721f2ad6955d9b1d29976aae199760edf5d3ef5ebd61fab30
before_neutral_something_7.png,465d5e585afbd0178bcdd9ebce60538b3d91d0568502d5dc73d4e1ba104dc37e
player_please_help_1_6.png,aea06be62f21f7c416d9331565eb97e7f8a4edd688ed720aba672b1baa20ded0
whitespace_intro_4.png,0047645a9e5aa2062f731624ed4ebdf41b3d83b47e0e276e6b284088c0a130eb
battleback_dw_perfectheart.png,7e2f659251b5728df6539cea0ff305ca4666c0806f2746eaa28c36edcbca1ae6
sw_theater_border.png,4c63219b96d699c7eadd066a4e58fe03cea027a6fcce96612362e8945a36aec9
release_energy[5x7]_2.png,9ead342542363c34620cd7d90b0c005f991e2c78534951fcaac3dfcf7dde8359
basil_guilty_11.png,b60701cf9b16720b5140a803332db52844c33ba8e7e2a4f6c41c09a242bba5f9
release_stress[5x5]_2.png,2360c1f7f294815c5ed723ba9b4bf2bf2b0e7f5ff2b8d570de5284c8e726aa55
sw_movie_tvshopping_0.png,b9a0ecc87098b26e04f03d8dfd20381ee098e2e7a55f1d151b1460f3d2735501
FA_Horror_2[3x2]_1.png,fe0d376d4eafe76a5d7717a25b07db4b18572c398b9f34c1d5152019620d0f58
release_stress[5x5]_7.png,4d400095d4d480314d267eaaaa644b885e54355311413aa9d8e2be1c21bad908
sw_movie_tennistime_1.png,fc841b683d3e3f39befc09494980e35a9956e9733b407cd030d51a6043e7b601
holding_hands_5.png,9393e98ef3f6e69fe58071f82b5b719650567ec2a61b6cbea7c4a7d0617d4b8d
release_energy[5x7]_33.png,6a774e22b6de40e708c148b5b7ba56868103c315fa5e67997fad56c772f48992
dw_mirror_2_2.png,eed262021a47bdc2d589b3d27fe6ece79600a7031ddc04ee8e31be89ba9f9e9f
omori_wakeup_day_8.png,552293f6206cef86df4b5a61e08f3a247dee75914fb30f6ba0a893f275293f80
omori_at_the_piano_2_3.png,00d5cbec546f15bbcee71f0258f0d74f305793e3a47c1e95fc9c96c5bd1d5490
basil_guilty_9.png,1b60a33b31b3e7327edcdbbb8df74f3cf639d76ebe4d3ad8d7891988582a3231
holding_hands_4.png,7547b7415afd3be93166982a44f0b2caafb49b01a67caf00f1afc921e4a97067
release_energy[5x7]_31.png,f13fc78868763f0a908d861b1def9462901d66981417d948ec156601f45c013a
release_stress[5x5]_12.png,2883e28101aeef84ab93d3d87946aa7e105d771392f82951824a4d4ef365cc09
dw_mirror_2_5.png,f3bde3dbe71e8f305fff7daa1f2e061dab694f5c2267049ccea47147c866d257
pluto_crack_2_2.png,46bf7f43c1104dc150670b694aa206dcd322c1f291b6ab6531c3919c85660e4a
mari_something_transform[3x2]_0.png,e3fcf971445ccf8a3572378b4a65a5e11034fceac044aff9dc48dffa8d09931a
mari_something_transform[3x2]_1.png,d37db587309339270d85d1cce5fd37b69da3cb0829cfeb10d9f60230b3ffb5f3
pictures_dw_extra_3.png,9141077eb2a83f099d24f75ead4e979f74dba8848df33ecbe350bac5314027c4
basil_something_1.png,597e2bed2ff18508743788e64ac0c89ebad962d9027066cdfd251d4ad27c1dec
release_stress[5x5]_23.png,79ecd475a2dcd41e5e6ce1cbf453b098dcf9e76b697812178ab33cd39bcb31f3
hero_introl.png,aa1f16c739c913feea0be9864c0106171892d4c7ce9d3e36f6eafea7b596efc4
dw_mirror_4_7.png,a3b175e3409b35b85b10d13f39dd2d7bf7c772c40987d4a24c14b66c1dd79ccd
release_energy[5x7]_15.png,82704b8f9cc693c73ee3040c3588f720d6c7094ec4b51b76e1be016a555223c4
dw_mirror_3_6.png,a5a0f5809dd5df969a8c5074462e994dc05acbbdd0405363479b13e1dee8b16b
omori_wakeup_night_1.png,f998ec712a71d1e7e84c7d056aca8a7e57a40bef491e517502405fc11ec145ba
swallow[5 x3]_2.png,cc3de2464cdc390c2785243c7dc47adfe3c96b34230693b07674e0aa162cc235
basil_something_4.png,4b6c9eefc404b78872703e416fa3173a816fa7139f3349548ee944b49112e210
dw_mirror_2_0.png,9de2336af08b4ca16a8d235bee5160e9bd918224241629221720c1faa2b8d85d
player_please_help_3_1.png,c303fd9dc872563163acee191f71ec3bf8ae37eab7cff7df968b09990745af49
release_stress[5x5]_9.png,2324759c148c47a138cfd668582353657ddbda9efd7f883cc690bde77165d1bd
first_swallow[5 x3]_5.png,c75b1186905e41d03d53dc103a95dc5fd189bee33e5cfa328da67d6ab6811ff4
basil_guilty_4.png,0689eacb9f5bbf821459b5243be2ae88f27d81034ca5306e9d2212c49983b875
something_engulf_2.png,c9068ad11302558c75c674048c14a461e2008cc561ebd1a716c981836b01dda4
DW_bad_drawing.png,038d1188c0e141f54c884bcedd44a2f7ebb838d4d89949ec933b64b8488891b2
release_energy[5x7]_25.png,1136401defaaa539593ab2f074f800e3847def857ce892eaffd93e217e0baef3
dw_mirror_1_7.png,3020882045bc73eaaf6e08cb11771459c172804c4ebacfe025c25097fb014403
flowing_sheets_2_5.png,3eee4aa7f50416aebc7517aac2a9e93d1472d2677c6fc39b12ded21cff8a0b4b
pluto_crack_3_1.png,0253aecd56c4b7697333d6d11356cc9617f7dcbe4fa9096bc5b50622fdf35fe5
fa_mirror_1_7.png,40453444f75421466b6b827de552dc20f16f8e1a0a0046bd7ef9f7856a5dae94
pictures_fa_extra_3.png,2cf197110fffc8497313f5e2970986fe8b4bb1da53b65ad1729a00bc776a841d
looking_at_photos_1_7.png,732c83e225e7dabd3f596b6d9f9cc185e8ea29425507a13473c3fd820c571d53
release_energy[5x7]_26.png,7df3baeebfb2436ac060b84d968491a9fc0eb111b3add09f79dac96c2a0260e8
dw_mirror_1_4.png,cc9450a7172efbe9dc1a0f3b2c24d92c40a1f720de7cd9124ddf0eae58562315
before_neutral_something_4.png,ed9809fc1818da3759b9aa118b966f0512d57855164974be04ff6ce92a792890
player_please_help_3_3.png,7e7774210e7e0fb1e9d7bd1a4d064b3d64d043ab1ef5ea7fe5239145eee02123
dw_mirror_weird_0.png,238f0c69678c595b3ac20d6e9b2e25e9a4caa9e3ffcd5a557c0ddbf293ddc1ad
omori_wakeup_day_1.png,ec5109c1d2054455bd289606eb82d7c0f4cd4a90fecb7fec503f40822734df84
the_truth_2_1.png,d4c954ed1dd61b8f4224be719518f94b15abaaef555177d292efed3c6d9f50e7
looking_at_photos_4_4.png,fd70dd2de0fad21c09b704795714cc686da2cfa0aec4e061bf0cf5472de3232f
pictures_dw_extra_4.png,6fe48c2b2538c8ee9831ca321590de77c1b33b9f781e830afa17672b1d4debd1
sw_movie_xmas_2.png,59b6afcfa76f0e90816fceaf31f9937f0c4f447de0b20cf1d5c137077444eb68
fa_mirror_1_4.png,147522469130a9a716a3ccec676cb0e1fb31a9c0cb18abc652a722a5cb1f99f6
basil_guilty_0.png,51f5a34936164ca5729b3f42b974333e5bcc87f350001d2e6d77c6b5026efd37
fa_mirror_1_0.png,8df3bfbf6947adf34cd388914bc3a41a80d72e8a0c8e2e8659d34503e2aaf947
dw_mirror_2_6.png,9fe2235335eab18c416171591a489fbcb5506ad88106233fb83a3dea3d3f4a03
release_energy[5x7]_9.png,fcca4b58f9a1791b3d332c17ce7de786973d760a08eebb5c0900bf28aae8d1f1
omori_at_the_piano_2_6.png,c8a73bb3214ca65f5acfde9f911893e097a3ac78a23cd51a9724d3a175bd9c09
omori_at_the_piano_2_7.png,0e0d4af5dffdcc7ae7961c90ea7d426002ad85efdc2b604c82b2995a155ab792
omori_wakeup_day_11.png,b165e4682f7340545cab245e842509d46470af34559355ff5f043c3b4a58a792
looking_at_photos_3_4.png,ea3abcc113f7041dcf9ceef2daed45a76e511edd7b6c7b411114d3b78eb1e352
looking_at_photos_3_5.png,04d3e11f5ee64f82fada0d6541a7980f0b7d833eee1b339290f68e00f6ac0b21
omori_wakeup_day_13.png,a6a6e5fc0bf0f1877a39ed64dce0ebf84a0c9ab744adf105e05c3d269f206697
release_stress[5x5]_8.png,9c9a5a86b1df36e424733424552dc16f926301222b143b080527d1462495e01d
DW_red_pool_1.png,a908852de1e2f89df331899208bfee021e3643390a689b74f793804c7c97396d
dw_mirror_2_7.png,0217fa66d89cf8db4fee89c1c44aef3969d1336c5de50bcf54671b162b0f0352
fa_mirror_2_6.png,ce181cc018e0ad696972def867dd5f44a39eb467f2f0ed3728d142cfb619fcb7
dw_mirror_4_5.png,66471c0910a34617a5bb0b4f33209d8b87ecdc74a5eea18c55f46d8d4b899979
dw_mirror_1_6.png,7ee790102540d20eeb60abb9426cef589adc92dc66e15604fa844a0c00c750e1
swallow[5 x3]_10.png,dcb89111215933a8ead98125973c23a21ed529bacdfeaf6b77c2c8ae75afebd0
group_hug_1.png,c89fae3927b764043590604a594b104d98ad493ad30e230651b22e4a97e9ad79
release_energy[5x7]_13.png,2d224dd39caa80584e75b412dec3875423d3b90205457b21388781671f7a63bd
mari_something_transform[3x2]_5.png,0e62e791df307b7b9da5d1f5472cdc098e0f8d421e0f2198324c760be860e974
player_please_help_2_3.png,c01b570dd38ea4dfa2e95c74ed425990e8377012759251eea5eb9909d3b6b8e2
nowyouknow.png,fff3eec67d00ee15f489af56ec92a1ced01daa5a7909c11c5d3d5f4e074d3aa7
SW_Curtain.png,5cb6c48c5b0a9d0fa17f497a17194655976a87431a6d0a8b72de0d936ea64411
basil_something_0.png,5d47be476ce0dacac1b8447fc5be11d8b5cf2c61181b4c21e3b1488aadeacc04
DW_sw_quest_for_hearts.png,d769f5b1c19f21d7d9c34f26ccd5bcca43e76143dbb3481c20003acc845b790c
fa_mirror_2_4.png,b83548521881e6b726b630bfccd666947ae5ced60f901ff4aa27ea4a1f23714b
omori_at_the_piano_2_8.png,01b1a3107443ea6de8157b748f5a80bf2904b1badc3a96052ea5359889baf48f
omori_origin_group_0.png,1b82c5b8c3eb39230f013944784ae1378ea41a21d7ee718c1e87efb89f056094
whitespace_intro_2.png,0f9817d8a0c85c8c7336744b90ccf8969428abd9dc01fae976a07f3ab7ef7a28
dw_mirror_1_1.png,533b08e509d5c8e22626149a8de4c29b9e99f8232b69e5558e5d3fccd472fc18
sw_movie_xmas_3.png,6ea9d4739156a9521490034aa6907f678cd33b6f55d00a051e3006ee14417ffe
sw_movie_badger_4.png,db746b9550fafd3352de78e8273eb344a4a19208972592ba3c7d4b182082e965
family_photo_lighthouse_horror.png,3ee09023daa0b9730ba1ad19b634e76c5a239977bb06e6c664bda202e6baed15
brand_new_violin_5.png,28e9b4ce87e23c1b2c9beff2cf098296b468169adfb0aae1995590a3bf9cbb6f
omori_wakeup_day_3.png,207c8aa6ff87ddc4181f42e0133bc4172572609f3e59f1f355c3684319cda67a
battleback_dw_perfectheart_outer.png,cf5ad7257040914f5998d1f49441906b43f89385f531e72dd624c2f888d62f1e
flowing_sheets_2_8.png,8add639036016af6d9d6e571af90cb27e03afcbb2b81a8200e9bfc4cdf935f4a
placeholder_album.png,4702dae893f48672303031ade9622cc10213449245fb932832a20ae736314e3b
looking_at_photos_4_2.png,83846b48ee5dd6c4c1405b4475d1dd1f41836d1aa93474b428cb7adfac721464
pictures_dw_extra_0.png,100aeb070236ffeed78dc6d0e540bfade8a9648083f9dc9af05c29fd8f17f067
release_energy[5x7]_28.png,5a52551a259f243a23e6808d5f68fe8163978156dcb616b59b1711d22630fed6
the_truth_2_2.png,5d052d704ecff83620790c08c742fb17cdc36dcf48abeaa5ded23d543d890dc2
SW_Tier_List.png,64daaa30f5449b4cd9a3cb074423981091cce785abab4831aa1530a1f4f0876f
pictures_fa_extra_7.png,b73a0066eabaa71262f63a5a4a690ee9cf0e787d8fc7bcfb14331a4ec0c5681b
fa_mirror_2_8.png,2d898794c8a885323a329dd44c5b7cd2e9a5a28baa98d1250925a38cee1fd5b2
sw_movie_tennistime_0.png,5c48981bffe6738007890d6230edbc3345fd861da5cc212b3e5115d367f6be6b
mari_something_transform[3x2]_4.png,d0d426d3336654819635de0af7bda413f6d3a12426b9029034a8fa8f4c01f909
omori_wakeup_day_7.png,17851a80e9fb078258298d30821eadc20036a187bfb572b2262c1b9358a0d503
sw_movie_badger_2.png,9b27c61581fc241c49db03c9d88df64c388fae89ad7f99fa3552a32c2f2a5b8a
fa_mirror_2_1.png,2c291942e709a997ef3a749be0ea137ff2c19834373b392352599a5b2b1a73c8
pictures_fa_extra_6.png,452da5f1d7d595a74d04ae407d490320e8acfa04c431761384fc9592e7e9a88b
the_truth_1.png,5893bd18b9fa07c173b4cd57f9d1babe24c786dd86ee9791bf7ffb5a2d953be3
group_hug_2.png,f2594e6829d1082f765c7a86769a91ee7150a5dbd5f22094241618ef6bbb2f42
pictures_fa_extra_2.png,30cdf0c4c60fc90680907a59b43557ad2710db421cbc16932f27c2144277ba40
fa_mirror_2_2.png,d961c1051bc167f687bd4e22ab6c626be6a4b8b1ee8b90adefc32f80a8f8d177
dw_mirror_2_1.png,278ea332bfd41c4180dd0936199ed4aea960c31e699965a90d7a777ecae26d91
basil_something_3.png,6539cfaafaf25232061183a76385f5845e8862f4d1aefb7da5d9b07560ad061f
dw_mirror_3_0.png,ce0df97b9fc03c16782df7f66d0f679fffcfeeb0e7b62315c32489311791ef46
before_neutral_something_1.png,7a758be4fd895b7f40e5b648fe93f20a14d4f193be85d5442368b7598906bef0
release_energy[5x7]_3.png,02c0fe0249fb20071aa90c0f96f3476fa5033098e3d8d7948bb81de47dde2ef1
pictures_fa_extra_5.png,6489c8c571fa740fc2d47afa74f7daf8c9daf381c6d2412e9f5f8bfb2f94966b
omori_wakeup_day_0.png,7458d9e6a0a0b428966b27fe31b0a61e32ab114116e7a371ad3883edc2be56ad
release_stress[5x5]_3.png,6e226b995e75b46241324a76dcf389a1cc6f4e6552fec5b1f66310ad1edeb1bb
dw_mirror_4_6.png,276a554792c45a432f8e2f4e733ed31fd2651e67bd19d374ed693e4a2ae8440a
fa_mirror_3_1.png,45b6a35282aab327158fcb48fd745142d10abadde5f5d2df28504513be0d30b8
the_truth_2_0.png,56fbe40e4d93247111da777c4e47604a07f2474b5b5d0f9ac312a75a434efedd
dw_mirror_1_8.png,c4ae4d2a01fc70361522b871692e28784ba083e31c38eb312fe29709790754c6
pluto_crack_4.png,82f70e7f49dedcaac1c8d7eaf2619be138011bc8d743b51c9da24a16c355a3f0
humphrey_spitout.png,b5d17d3728ddca0d3f43ce38873f0d0484c41d70118ec00df1ee4f700ced53ad
brand_new_violin_3.png,ea2f333415b651e977eb279f2e8964686b14db4e5b12032496ea6a1c899cb327
release_energy[5x7]_8.png,d7626e3445f3accd467bb034f01fd6f150e1254d1207c93797b8976e0421ca06
release_stress[5x5]_15.png,f7c00cdbda79b9ff0a72af626605965228fe30f9770bb49a63c0c3c857d30976
looking_at_photos_3_7.png,4330382ccec0691243ff33f5c2b0b0232afe492c43b909e3b5d37428fb230431
release_energy[5x7]_7.png,0e9cdd8190f5fdf823e5a6be0c5424cdc947e71c7d3320dcc6e9626703f532e0
DW_butt_certificate.png,59a8b8da2f73abbff27e1e343f08fc87dceed66f55f6cff6f86421e9a0235473
dw_mirror_1_2.png,20a50c63d587fd7123862664a490a8ba0c4167f3178c77c8d9a9f9694fe09f52
dw_mirror_1_3.png,ffa883a596845df58fc4a5d566aba6fa824343ca9e123a01e358de3236e0402c
aubrey_intro.png,12201123213ceed93219c053a645dfb8ae62e6ba3d633ffbd697acc4bb3c492a
dw_mirror_4_3.png,5974f5fd0f0b0c99e083fcb125460ed39aec2cb7c531f7a4a040d7c8cc3d5ace
dw_mirror_3_4.png,7053bf95bf26582d95f45ef6c3d4867b9ff75b93c34d1ec7bff73514d3c982bb
hero_introlI.png,a8eff2b1188824bcb9ab1b8bf1b6cca56a98bf5f341f21c9bb336cfb49753f96
pessis_thing.png,dfe49bdf252f72877a9d4a6df807a6b515b29f564a04935c58bc4fe1fdfa881b
pictures_dw_extra_1.png,de0062f3c0c4ec2b0d9d81bcaf689580d38780d80539500dd8252209158fc812
dw_mirror_2_3.png,7ae20cad01db803e56ac247e36034859a8f719bba11cdbf3efaf9e61af95a2c1
group_hug_dw_0.png,a3660479a6316d2eb243bc07a01feb6dfd67d0fcac3cc89089d566fccfe8a8c7
dw_mirror_4_1.png,9c340cbdd9b91dde1c1a6dbda79178bcd7a111d8f7c4a2e2605c95f9df00e5be
dw_mirror_3_7.png,603a53ab4bea8af845fa216426c4dde15259abf732d4e7a0f549597bacc25e20
player_please_help_3_0.png,488e5394b93471d7f00db6eef6e02b0f8657c23fcdb14669dffd763b2c5bf26d
release_energy[5x7]_12.png,4222a76c00c5d50de84cac48faf7361ac65d628ff6cb9e6f63bd592128153540
release_energy[5x7]_23.png,a0fa9be6c505d4a95c76c9f826657060aeff6f705a22c45a297fe38a805e4823
fa_mirror_2_3.png,83b3145238250a44000df70e5fefab05dcbae738c260cd5c0f7809048c132671
basil_guilty_3.png,fd336bbf7591ebb703915b53939568f902350b1e7a3ea9b1e746ceb149ff10c1
fa_mirror_2_0.png,7d92b10cd5f4ebf5efd70840a09106d9c7c18d77ed880a957241c1583d535c27
release_energy[5x7]_24.png,01d8727c3b2850029ac71875eabde60d1eeb33f57af68859c81dcd6181cc8f45
emotions_guide.png,c271d7a6137dea5601ac237f944dae71b4383ad31ba912bc8865ce361e7d087e
release_stress[5x5]_1.png,17c932df35ce344f81a478e4bee4490d07f09f4dcf25811d94e002999eeca8ad
release_energy[5x7]_29.png,ce2986d2641734f8d406ce9412f68d1f86bb689addbebff10b1c9105cf7e0faf
humphrey_spitout_jaw.png,c1046f340142cb32e804f1af165799dd87a62f952a6f9ba62ce7257c85f826fc
looking_at_photos_2_2.png,d526cfc13aa841e86aee1d005725fde4193e56d74ba95bb65bea296c90b40ea2
release_energy[5x7]_32.png,be2cc29bd46cdf20237aedf90be3c86144f24685211df9ab6ff893d7b1b809c1
dw_mirror_1_0.png,95e0799aab0b95b62f29a31f0bd6680318a0f49fa0b1e204cec107a8435bff81
release_energy[5x7]_27.png,7c3aa968206fdc58ed238cccada9e71fea583df6b01f53e066f14e7647a2a326
omori_at_the_piano_2_2.png,e5da68e27482472ac8278a03879273ffd825f3ddaaac3fb8734b54b3cf499dbd
release_energy[5x7]_18.png,f13fc78868763f0a908d861b1def9462901d66981417d948ec156601f45c013a
release_stress[5x5]_18.png,e1362a7a6faeeb86915f87031eb6bb7036680254b9069f0d5b7c8e021ff47167
family_photo.png,3544c690ef8d281ea357ce48d5ca0fe475083193cbb3ed19c8b87be398266bb6
sw_movie_badger_0.png,d6367341011e6d8b2785cc2915c3af50fb9465d862589b9670d48687ee1e3321
pictures_dw_extra_8.png,ed130a69e374c7e4ff9285b1729dcaae21627b696cb34497dca66c84c234adc3
basil_door.png,afabed89d6662ddabf515fc5938cc8acdd679010dcd2712d89e231dc6f0450dc
omori_wakeup_day_10.png,c09b241c65267e02640879826b3c57fb373498307a587a7e922717320b4f5073
flowing_sheets_2_2.png,455a2804fa07380e00a296eca4fbe9d6b33a1c835620e6948792cd832381ac18
player_please_help_3_6.png,cdbdc9672490a6be53e5b3bb7307ec20ccc40ed7b66ee8e0b778e3ee48b9549c
kel_intro_small.png,09909423bd1b8ca20891e9e0820f922140c5be64f8c23e9e426d692fbf38c9d1
fa_mirror_1_3.png,16314d71e3d513d362e1b93ee4c7d5ed842d88545b68b7ca442004f9761c4674
omori_origin_group_2.png,82cf45b4d866fd1c825505a71ce45e5c93546c22729e634b886da5fcfee0e911
before_white_space_2_2.png,332f92f3890d3ebf2cd3225efeba774e0dd50e3eaa5cd4b0dcc0c43268ed1a87
release_energy[5x7]_20.png,7c3aa968206fdc58ed238cccada9e71fea583df6b01f53e066f14e7647a2a326
pictures_dw_extra_5.png,1c156f28b7239ccd0b98e7ce407bea390d98873e21e66cbf2e2b87e34745c9dc
sw_movie_badger_1.png,68079eeeb0bedbdcc373d734ed6301731ff4082d8c3b0c1bd787fe27c72443ee
dw_mirror_2_4.png,850695ef3458191860f9641e8a95c22abf0b0dae0800abd19d6fa8056c2bfa4c
release_energy[5x7]_17.png,f0fcf706b9b1bffd54ed1af6f6a5c7e15eadba38e03e583b717ebf1a1541e690
fa_mirror_2_7.png,714988e08ee112af790395bd77588a0d9191864a0895b9a9e79c92c3fc211776
pluto_crack_2_1.png,d0a24c886709cdfca2ee0574a2c2352288fd4d262f73f1d78f456549ae4a173a
sw_movie_tennistime_3.png,b83f87ae5a4d16c4913de3f7064b53e09b2e75d6a9d8c094f3d2212a4133730f
DW_PLUTO_Outskirts_2.png,3ccc9fa59da39f917d5bf830fd909727108f7f4bf619d50d15edc15352a862c1
fa_mirror_1_6.png,ae90a45bf89c56814387c1d59fd11d2513aaf3d615919125424c694d30b68148
dw_mirror_3_5.png,7d02a9262718d13ff06fe346f2f820c676da02787a34d6fc8bc826ac4eaee6c4
group_hug_dw_1.png,12d58753e8c34124423d109da21e8d40623bad516892cbd4722569cb29f72a77
player_please_help_1_3.png,79d12db470d9380de3cd78cb9561491f1613ab8ba48966f9d57a6ed97f6dedcb
dw_mirror_4_8.png,22536982c100ee94a352f52850a2267359e112e3756db917552e7a03bb26332d
holding_hands_7.png,b0c12c40c74f99353c94d988e8f692d67c726861f07aca4c0bc6a44fe37e71cc
fa_mirror_1_5.png,c86bd659e894218b8ef2a346790766e43ee8ed2e23403951dac793c159e2904c
dw_mirror_weird_1.png,8f19dbd98ec785919a15328deda4da3beee406c08ef4f133752bea91c40861de
bt_slimegirls_0.png,6cefd3518341d89b6d9510e1e2042949f77cd615ebfe870c40f3fe72667e476e
omori_wakeup_night_4.png,79b442839d35617d79f699fbbd6326ee7ac757498e134e0c259568f6925d73e8
holding_hands_1.png,38ca4206330dcffc9470de588da0524fd8e89aba54edb85c74443928c4945074
lightbulbs2_5.png,bc61e50f705a282f95946aaf2b816db1e0bbc51ca560bc2b66b54dcc5d9625ec
basil_guilty_6.png,1992f397e3eb1fc793ff8a8086e5e047922c68f6c060da5d4e68a39c5a48d170
final_battle_play_mock.png,ae49b706457c92490d60791db92a15c2a798c1b42cc954b51b801e43d942096a
dw_mirror_4_0.png,2541704ba4b19f51c88f796f092b6c2cb98e7a82f01a30e46d2954ea7697b913
looking_at_photos_3_8.png,7d62aa6ae6cf2aa3ed74b621aeac758b2b3761b9138f7cc7c83e83df22c861a7
omori_wakeup_day_5.png,9c72cc9806b3421d7d8a0fc355f127ec4b00570ac5261b7c63eeb2731c71b46b
group_hug_dw_2.png,a2c131d8471ef2e3ff32337e27a450df466afb41871c96c267592f270efd7ceb
omori_wakeup_day_6.png,66a2678fb5a5df08f9a3b5a647229891fecd4156dbbcf746fbda2541be48fde2
pictures_dw_extra_6.png,f5eceadc1920c971f91a1da198b6944366ac49a174a92dc9a5be945903e1a3d0
bt_slimegirls_2.png,3664ab237afe663cf3aa82faf8c607a62ee88e4922140c2f4e9efa16dab5f097
release_energy[5x7]_0.png,14aec3f7f8ae214c304a6e44fdcd95a6e98074377933ee4a248f92051cb4505e
release_energy[5x7]_4.png,1cae68245f57ca90a12002a9c10725147e8d973b0b2883644f983d41c1c44875
dw_mirror_4_4.png,74d2c20768e546aeefe1f11f416a12a778be1f76b9d089c70399aaa46be3d505
omori_succumb_closed.png,0365cecb28f4569cb2c2678bbc8e161a56f7b0e87fab4635b9bbcc3efb00f45d
looking_at_photos_2_8.png,bb33d036fec264a340373cc82d1125fd8ecc467e9075f96e1f51e6cd3d5cd55b
pluto_crack_1_2.png,1d8b38e135d686d084ba860900d0fc1b8a7634cb9bb86ce324949c64b6b81f9e
dw_mirror_3_3.png,c2456d456131521b9af0aa7b16d5976b30208aca4a2a75b6d10256d81ec71943
dw_mirror_3_1.png,82c144d4878d513e0cca092d9758f551408d01716e648d774b6e0de56b107b85
fa_mirror_1_8.png,492d7017599a069d4b71770a88f93bafd9f90e109e83c5752b72acc63334c653
humphrey_spitout_2.png,a139cd00d59ab44b2d6b6f74d01c54d023e6fc3691c83128185f935f5a716bdd
looking_at_photos_3_2.png,a017f18fb15452bf2a780ef108df9a988d54043ef6f5df5eab934346236b8b2d
brand_new_violin_0.png,119d662d259c1f5988a5a05dafa37eec44ded1f7b55882a66d13fa037d042234
omori_wakeup_day_12.png,fe8e35ad65a6fc6e9b3141a08c6a484b3412fa476612c8cc1953d61daa5109a0
dw_mirror_1_5.png,6d77bafb790c6142831fe4d03fad3d5f98a2649d44f12caa97ab8a47c7e914fe
brand_new_violin_6.png,7b4eaf7369f187a508e9317ad131dd7f21ce0f1cf7b0496983c8f94014f8f0a8
release_stress[5x5]_20.png,7d4c49309ac3d68f7b188bca3b97180b6d2ab42aa4465183bf031b3f53b14e76
before_neutral_something_3.png,576d16ff3776c4b31e09095e5b59eb0b6dcd76353d2e48b11da8c5a5c17950a4
brand_new_violin_2.png,a7b72135cc2972447c5e63cd1911556e8f0e10464cd32834dd4b4f23bfb766b4
player_please_help_3_4.png,35ebe10ee62b151f84642568b3ca9e3c13baffe9df61c72fcaacac98e9974bed
release_energy[5x7]_1.png,545fe5d21c600b06a5545199eb40e15f967dad9d8b2ee6e89e1f0e4873330d42
release_stress[5x5]_16.png,563f24a692e770ee93114e613301696d0af1e6e7f7ee0adac4f370009701cc33
pictures_fa_extra_1.png,ca432da6efd475ba1302ca7190cd4bbfb5daa708ca82d354da3440dfcbe12ab7
release_energy[5x7]_5.png,9bac7134e2c1930ccab26903c35de9d664b1380067dce5e3520929771a2be1e0
release_energy[5x7]_14.png,c49fa093b02af387033f6598d9d2602b6a89704bd0e06a90eb436629f7f04614
first_swallow[5 x3]_1.png,30236a43b92eb88799fc1b822fc00b3f55e38997271b090ae9da5678cfe7c30b
sw_movie_hypno_0.png,7b5a556166c281b65a9567fa82a123fa949c4958c9e83ea5e32cbc997e5e3c80
pluto_crack_3_2.png,b9704c09d311d086d9ed047e244cec90af5dc4bac20352570f5ec4ed320ee1c9
brand_new_violin_8.png,9d7a23fe8a9c48442b7a0eb32601b5b8a877a7018c8c46ae6cb874bb10eb9bbc
family_photo_lighthouse.png,8b25f1708265e3e3d2246ea7a74edc9b05933af0376354fdb7f0154879dfea1f
omori_wakeup_day_2.png,6020737edba2e03a18c067dca7395655c64ed79d2c82f2ccce660507bd60be94
pictures_fa_extra_4.png,73926f0edbbaae5ee829189ee2fe585c8795f9e359a1ae7b7115d72cd6d4fe15
omori_at_the_piano_2_0.png,9688994b89c1f4b17cb74e71f72bb02206a01e4f88c02926b03d6626d9e6c660
basil_something_6.png,6aad2bf9ca62fd80f0741291735ae68516313979b36e45867bc22167fe6d6eb0
DW_T_AUBREYOMORI.png,e79a97e7988f9199fe4ee62d6c091c8f1c8b1b85f6602a447957540eb33fae09
DW_T_OMORIHERO.png,b5e26adbc07de3141b0096ae7ffc5764e0a9cea4f37c59522be30b485d97d968
DW_T_HEROKEL.png,0f78c20fecbe68a02a537b8a39ff2b437ed589fb54adf92a8417232fcebb0aa4
DW_T_OMORIKEL.png,86d80a7893a2323d1572159ad6665f4490d5b56b36833fc731146f4b0c788fc1
DW_T_OMORIAUBREY.png,cdae3268081e48b74008dcc26680aad64e0baa6d473cc0d76fc461eedf58f33b
DW_T_KELHERO.png,efd1781f116445e87e832c242239dedee44401391ff0620973786810e56e1bd5
DW_T_KELAUBREY.png,f9baf36522ec2853855929afe1daa9db4cedd2a4c0b8d0648a16a15883d89fa4
DW_T_HEROOMORI.png,5ba0d2f0fbaf7c533273a5f29b3e5fc06947bc8d91b541b74e9442f4b6eb1401
DW_T_AUBREYKEL.png,3c58c1f5d0a7ab3a361377f481828b0428fcb2bb409a557bd141ba7038020cdd
DW_T_KELOMORI.png,f8d43b8c537c802810677b75f19c875ea6f46c6399a4e20a3fe2f687aeff1df5
DW_T_HEROAUBREY.png,dfdd43859e7eea34d797c203c984caeb202133526d28951441d89f8970debf9f
DW_T_AUBREYHERO.png,fa034cab9bae20233aeeea9f98e9e0050a38c0150d5592d240c068d58faea8be
FA_T_KELHERO.png,f1bd172b9cc7f82dfbddbcaa378ae6676f25f64671c3436da7b89e06fe9257c1
DW_T_AUBREYOMORI.png,0b696481a15d4aa33d4289f278e0cf97536af15fd1dbe77c1d96b22d5e503960
DW_T_OMORIHERO.png,b832f94a73a04e2e80d7e0d7971059cb0f588c8c45e7b3c8a3a19ec82b16f3ba
FA_T_OMORIHERO.png,f4cb79f6685841045567361a7f77a4a70c1eb47dce3f57cb76436fa5dd75a70a
FA_T_HEROAUBREY.png,e5afd5af5720e61c2aacce51e0717ba144e124f12cc23023dcc6989ac17c0b60
DW_T_HEROKEL.png,007cc8ebbc4fee70bb085876a5aae9349e3e52552f97bc04ec65bd67f454efe0
FA_T_KELAUBREY.png,b479e144978635e3e20a416a25f54f4e6762cfc0b6c9dcd69a4847e86610e904
DW_T_OMORIKEL.png,46c71d8ece30d44de9c0c2ea1c5eaa9db77f056977833808c8b6a1fe793c2054
FA_T_AUBREYHERO.png,71639e2ceae2e7475b0b1aa007dacbf5fa99997543971975fee3d72befaa82ca
DW_T_OMORIAUBREY.png,a7ce218fa47624b710fc4e5cae6516e5784c2a796504f775b4e0656dba0dd962
FA_T_AUBREYOMORI.png,af7edfd07a7807710fc948ae4d955c73fd5a37ceabf34b011e25adeaa44803c1
FA_T_KELOMORI.png,e62e7114ddc6463d4a010de8b11dc916fc42f1baa7479c054041640cc89851fc
FA_T_HEROOMORI.png,a5cfe384e9163ddeb2bdf4cf97aeed0f964154aa8bb3d3b844b3eddbd15ab339
DW_T_KELHERO.png,dd1980ed13ee52972719fc7d19ef523585da6e79912dc0da77a369d37c0e5fe0
FA_T_HEROKEL.png,58e79210bcaac2457673683e8c79b9b18a3f4420b5c0ac6fbb875b1627f64d03
FA_T_OMORIAUBREY.png,0dbe1669fbb68c24a2bc693dc4f99b663ac27a73f99dfcb8cadac322777dae94
FA_T_AUBREYKEL.png,b5aad585c81bdd958c618ecf0226fceaf6362fd03ee57a48679c99039bf2a416
DW_T_KELAUBREY.png,621c2a0a3012c4d8622914a26e44963f973a42bfe3b3e0ad3cbd7cf13c48bc72
FA_T_OMORIKEL.png,ae3fafb4406102e3aee113c26c7fe258fbac4c61511527e8f58a2d314da5bd99
DW_T_HEROOMORI.png,2226a8ff4be8014e479e96a58854a7cdce12b70d51282e691d1719d71f46849b
DW_T_AUBREYKEL.png,ea6278c82da201f36260244d27a3783d41dc44f0c2037b741738cd0b77762192
DW_T_KELOMORI.png,9901bfc0bd6432e5ec76ba1e66109d7e4fdbd4fdc23a8bcdf428309c21efb13e
DW_T_HEROAUBREY.png,312b230bbfb2518ff63d52d77253c3d290894a09798579b0549b7f03a00762f0
DW_T_AUBREYHERO.png,bbe38440764a14f032499f9f0bcff0435f5b624be74ec5bee042681be6ac3185
TAGATLAS_FA_0.png,b3b9a7a5c5bd6acd0f4bc6653282cbfede21dc744b3939786f9610c57efbfa27
BlackSpaceAtlas_02_11.png,aac537e1485f2f2a0d86f944889bd89d4fd950e7b3c57049575e372ddbb4185d
TAGATLAS_0.png,41a69aa0d1b4ae4b117be92596de227ecbe121532b9fd52fb7136ff6e6b76876
TAGATLAS_FA_10.png,236f02871a63207480bcddd12445f7313ca4f5cc77ce547e67141e4154d3ddee
FarawayAtlas_Memories_3.png,942722eae166d5d8a8cb5a80b26c43654ab39ea36d728c20708ff6a176db6992
FarawayAtlas_02_8.png,46e08f99f62dc85f96e50a999ea0143d13fc19f889a814117632dd789148f921
TAGATLAS_3.png,48fb92c0504f5a1d4100e2db219bb4496e5199c994be3e91fc27644e8f80089c
FarawayAtlas_04_4.png,6d31fb61544e3a3cfdfbadd8dedaef52ad78fb72eb874d73bec436735545119e
TAGATLASOLD_4.png,9a0469c13056fcb22da6f77f915da5cf8887ea8661345d01e2b1a1cd4bb02220
FarawayAtlas_Memories_4.png,41e05ebbc29be7117bc7e4589801cd3d910ce08ce28fbe7f62a6a94452f3cb5f
FarawayAtlas_01_8.png,3ec748b1c3bad986d7d37b1d67ece0bdb78034f19df782cfd5fc87c88c11dc6a
FarawayAtlas_04_9.png,e9b683d91eed1afbdd2cc6f248fa6e3acea1eda5113611401966430320a66cc4
FarawayAtlas_03_3.png,18a13e3e50376cd9f7544f68a95ad9fecf161cf37e593864b234f1dc76677044
TAGATLAS_5.png,f97e4542d426efba83f87fe67c96159d2d127790e552f0f9732320dc85f572ca
BlackSpaceAtlas_02_7.png,03965264a4fea8f42726d1fdf0358038eda5a8bff61af265497b2d44599d0ae8
FarawayAtlas_01_1.png,f8cba240c9b94c7ad48726068c3e162887deb8adc26f9dcea418489aca94f52f
FarawayAtlas_03_4.png,d2db21ad8221b2646648e0db919a422e49f2e55f66b1f009973abe1e94c12c9d
FarawayAtlas_01_9.png,f854f00acdddd084f2064ce14dbd5e27d567e6d1f3607b7fac8c66261574c465
FarawayAtlas_Memories_6.png,21359f096553359d8f30b85affcd710f6af09d89c9e6a4441bae62b9084ee3b2
FarawayAtlas_04_2.png,6d8153c83979177a64099df17ebadfa47cb10a9242cf771d5def57f1eb16fbd6
FarawayAtlas_01_2.png,31a2a703960b2a4a9e61fc1835d0cb45031c15880a6b3de45908ef08b3029105
FarawayAtlas_04_10.png,b96098eb75d40184cb7f1d5b740f31f0e43fd1d0384dba6d4f3466db494ca8cf
TAGATLAS_2.png,b6cd69423c3c48af4329f964fe0e1637823a6f9740fc958c74008f0f652316fc
TAGATLAS_BG_1_5.png,2a0e5c1b6cf0d918124ac36f8a59f30f3eb433080b39ce98ede38d5fecc8f23c
FarawayAtlas_04_6.png,ce49cfaa5d02f711a11f180a66adc9916713b93de8dc715f6c5286a89bf683c8
DreamworldAtlas_01_12.png,fbbf92337494718fa1dc8eb1e26532b5e33db21d1d4493d62a2fb90e1b8fddf1
BlackSpaceAtlas_02_4.png,7bcbba8ac31ad70ec2a5a1ea1086d37e507155ecc4f87ae38b626243e3f4e4fd
TAGATLASOLD_1.png,de34f17792dc31c77c11a1294f0c22eee56fb99b7485ae0e37426ef54ef85f40
FarawayAtlas_02_6.png,0fef2916989733178cc939c238fae589da4cc189f6556fc2328a2c00cc90105b
FarawayAtlas_04_1.png,e4b066ab87aceafbf98ea2c1d4687dd873074c9238148dc06392deaa5467c64e
FarawayAtlas_03_10.png,fbcf585b243cf522a7b603553025e1930a6a34b6564c667f0f37d4ec6ea450e4
FarawayAtlas_03_11.png,4c46c4433d3ae896f68b8e62e25d36bfd69d2cb3d29ed3cd983fb43ff35e4be9
DreamworldAtlas_01_6.png,b24c768e15594ca1532d167dd7e1c2a674eaad88737c340bfb2df276b7d9171d
TAGATLAS_1.png,cdeea797f0328e0fd7e81dfb74795f8862edcdbeaec55e16440e460ceb2ecf39
FarawayAtlas_02_3.png,0258f6f61fcfb1d7a1c98f0ee35df0243b3f7e52946fe6fe6799c75b66d7efaa
TAGATLASOLD_8.png,e107ebb0daadf578d1b36dd4b0f26f273ba53f24fdf164bc8b8fba394e3a14d9
DreamworldAtlas_01_5.png,eac9b1ef58c8913c7f0dd72304f280b8a2ab51ae1423c0ffe3fccbe6cdc6a4cd
DreamworldAtlas_01_7.png,ca54829454621a5cddcc908df0a76a34f750dbc31dad0a6019aae9e7191e23ba
TAGATLASOLD_2.png,e21a02aa25ece1020f32a963c5faa730eee0e483693035eb6218f2248335c482
DreamworldAtlas_01_2.png,088a3a880969a7c0349b9a7c6d936507c290fe51d1dbcaf4dee4e9f24b7f004a
FarawayAtlas_Memories_7.png,0bf9009f5021c2015122dc5f873ece6ae224f20a788549a980295f377e23151e
TAGATLASOLD_11.png,f834cbc6d37953bbedf83dcd635a99af886abb67ac6ff7929d3ffc2de8eed096
FarawayAtlas_02_1.png,6ed977dd22ed9524d4309104ae3de685e601346b36b050e7310db79e15f36f4a
FarawayAtlas_02_10.png,d56165ada7453f5a225b751110dc02ec22c5aed5cda6aecc2718a60ca9e12aa2
FarawayAtlas_03_7.png,0821b064b9c7d2b51edef234aae2fe1146495d22a4838356ec1115b5e24fb712
TAGATLASOLD_0.png,fc081206187b5f092637cd4127fdfba8a6d5ca84eecf6ef74f5ae58c7add562e
FarawayAtlas_01_3.png,23e66ee7fb68b9e732851c5996e668ebd97d9c8a67c7e4ece480bbf0e2dddacb
FarawayAtlas_04_0.png,8d3b18e8ba4555358cfbdd1db683545513e8dd571cab40a5e14d5d2d3a087d16
TAGATLAS_4.png,1b8bddff735fb18f72b1a5e8be71c303e57eb413371db503e7b4e671618eeb54
FarawayAtlas_02_7.png,38b0698d30d1cef723f84c971323137bfa44f0745e27692ccced995e80f5a7cc
TAGATLASOLD_5.png,00920482d7a175034f56a3a0fb3aff164bf84c809ad4cde49a56db0b14ec6644
TAGATLASOLD_6.png,14b9f36630faf41388b27c536da81b91818c153c2f6cca78d85dfeb646c339b0
BlackSpaceAtlas_01_0.png,cfe6bd71b0d3782117f0cb7161c0f610cdb0df231c7039cd7b42ce025da4dbad
DreamworldAtlas_01_11.png,4c260b16b8c90dd6e62a25b9a9832db8c4e752422cb16219772531a43d0f88af
FarawayAtlas_Memories_9.png,0699fc0a8d83023719309cb12b68ac7605e6ca39b8140559d31ff83949b300fd
FarawayAtlas_02_2.png,f8697f201cc82d23a62e3538c398ea683d1d1dadda3a4441d9a8f6ff2e2fc557
DreamworldAtlas_01_10.png,8819ad8e00ece0fe1e9d5e8c8eb758282b932becae832d2e5c5f3395e64f599c
TAGATLAS_FA_2.png,6376fb5ba4c44c92468501494164bcc028d9ccde6ca505911c97e8adf820bd0d
TAGATLAS_7.png,a86eda38d08f24fee9bada727de204a18a6793fef14382be750b9df91b4a911d
FarawayAtlas_01_0.png,d1f78ace5a8298257e49cbcc5d13dfe832bf272dd3ce44795fd2c24749a5abe0
DreamworldAtlas_01_0.png,268677a379b3124323fdc09db2ae0c938e426a06bc1263f92fc978737fbdd557
FarawayAtlas_01_6.png,3a59d9bf6f8266b5c443567d1b13f1d5511a492c41c96d9320078d5949e18a40
FarawayAtlas_01_11.png,f507a2b275021de97cb49b0f7027f8f906dbd82d8a643376ffc258959513f0ec
FarawayAtlas_04_8.png,b39e0d02ca35c6e4952ec2b8b16b6b475af0555c2c66493f8468033032bbae04
TAGATLAS_BG_2_11.png,352d0c162767ea4dcbd6019055a687da49f3b598a0d822d72c4f6b9d3c335c35
TAGATLAS_10.png,ddc51e89d68585d381054890ff8bf975b09081ebfa0d5f5829083edec5fa8542
FarawayAtlas_03_9.png,7e2198924042dd1f2556eeea5170695609e8d8cbfcc1caeeca2cca781f6f2dae
FarawayAtlas_02_11.png,4581e4291e1bdee829f1459ac316610f7dfc54039dee4db92d0170924b1672a7
TAGATLAS_BG_2_8.png,33d7559004c81e06bc0c95a0dbac476fa0889d8ee232aff831bd51041bedc524
TAGATLAS_BG_1_10.png,869315e0962b17438567839b94d1e04c5f3af27bf1fc084cd2317f58a980c976
BlackSpaceAtlas_02_10.png,cc1cb9433c52deb0413b1ed8a971d34cea45a38592c627ef50a7c61e78cb0b19
FarawayAtlas_02_9.png,b1bcc56df7adc418a5e6fbc9346172271fdfa6ecefd7accbbe832858291257b7
FarawayAtlas_04_5.png,679722f17eb9e3cccdf5462f310cd1d2c97e0765b73757f0680210c965af937e
TAGATLAS_FA_7.png,631145f806aa57a55eab09eaa87a1588b6a39deadb6c8eddfc19d13542eda8b2
FarawayAtlas_01_10.png,8191ec8b303e7c9659911bd897e0f416ecfc79d3d4b985bad0cc4fe246f7ed4f
DreamworldAtlas_01_4.png,9dfaa36897e333cfd1b87c65a115486cab21d3ebc2c6f728b0030a2005ac9a38
FarawayAtlas_01_7.png,42ec2b876c8a1620332471220184ffe00faad17131b71a5a2d319ea507488481
BlackSpaceAtlas_01_6.png,16f7cfd4360d904f8da05f6233fc7d17dec8787aacc6a21e4b7022cc3982cfdd
FarawayAtlas_02_0.png,48f14cdcf222b443ea48beb9c4a0ca1161fe888c27344ae347587bf5cca95af1
BlackSpaceAtlas_02_5.png,69473addc7e7eed3d46902a3ee78f47ff2bb8662153ba98b019fdf95ad16dccf
TAGATLASOLD_10.png,40c4d671336d1f7f61370b659519823cc0cf4a48258d7a55335ac4147ef4bceb
FarawayAtlas_Memories_0.png,9bab9dff5ba46e880d63bf84e3fc8e925816ac81ed00890d4d225e9444c269e5
TAGATLAS_9.png,f59cc2f6d948790705a521e54d00bf0c84144f75785f4390342d638596b320fd
DreamworldAtlas_01_9.png,70cfdc951b0a37da041268e30ad97d4ecc3b9fabcddf9ce6257f4e6f8e828913
FarawayAtlas_03_1.png,57f1f6c4b112b49b0c1401cd570f666c2640eda0bbe24f36dddc4e8aa8bef4c3
TAGATLAS_FA_8.png,75d5ef2687a45f786a965ed1a99b323cdfaa06d96ce2a5c2a33b600155900684
BlackSpaceAtlas_01_11.png,eef53005aba115f069f5523ea53ef80567644dcb95685ebec937daae855d1a42
TAGATLAS_BG_1_0.png,a3ac0aa86e1a2fc6c2f268930562e19d482b21b49fb35b74f03d27ef9b7dafd5
DreamworldAtlas_01_1.png,e0730c23b8925620a6d735c9bd04196e221f3f2cb92ecd60cc27c7d9d4446ce3
FarawayAtlas_03_5.png,a397d3cf371493bc81577ee71d011b554f281339a8f1cc6d758d8fffbc859886
FarawayAtlas_03_0.png,44c6ab9e1ee9462ba2b184c6dd03fddb50d7750d4ba4646a7d1f5d3b2f1b4dc3
TAGATLASOLD_3.png,c50a147b28a08a7eeba7dec2f2119aaff8ca58fd3ce1893cd1900265e0205712
TAGATLAS_BG_2_0.png,ca519b6352c84888a36802c6378dafe74ea065f7d26c2e837d9ad5fa6f884bc7
TAGATLAS_8.png,e4e3854ea8bab3aa9aa343879c6a3032934b127e7181e190a81560d42bc7ff6f
TAGATLASOLD_7.png,0a4a1fc90ef23d57e8f0761a8dfe1e95a791ba8d6e22f9ee07468cce4413a56d
BlackSpaceAtlas_01_2.png,6140c1fa6356d1b55c5d190c9317a0198c8b3d29a91f6e478377172cff628e22
TAGATLAS_FA_6.png,cf74f0a1044f8ef0758cf271564906714421f1264e9676cc8a019b11d9a62a94
FarawayAtlas_01_4.png,372431bbc6be885cdf359cc913992f7dfc9b45b45f71d8c3ea4c03145ea832ff
TAGATLAS_FA_1.png,8be948b976ba8036cf27ec7b7715947a5bcb33f9a65773ae88cf82fb9f8c7a7f
TAGATLAS_FA_3.png,704e90cb9e8423068c0bf0b6927c0db2bfb399f411bfbe46374f5b7a32b4bf2f
TAGATLAS_FA_9.png,bec7622d60442019a572867633ebcad5649496e70acce2bf1036f8fb6537bdd5
TAGATLAS_11.png,ee23dfbb90eec8782e165c38f3cfa66529b4f99ba36574ef3f51b97f0a9c9c44
FarawayAtlas_03_2.png,c80d051775c87a3875f69f1c1a686fb60b26de878830fdc95ce1b5114dd25719
TAGATLAS_FA_4.png,29e2645bac5437b454540d6957ee43d7faeea07450d317fab07340e3b40cd89d
TAGATLAS_FA_11.png,5899dc933ec91f65be7b672f2e78a88d1f9d1fdcc35ba27922c73692d3f3fb4c
DreamworldAtlas_01_3.png,97060175c0a7a32b788687f69ce1f368507e741f5ad1e75ad8197db6b980a3a5
FarawayAtlas_01_5.png,93d03956dc514d93c00f8f332d07dcd397bd7d8b3f62f45ec589d7173517c6d2
FarawayAtlas_03_8.png,fe2e3ba23f67fbc651d287d54ed9189c93efd41965fd0a446956a7e19b82198e
TAGATLASOLD_9.png,781fd7a0493a0e05248b6cca370d4bd4856e4a6d083da16e42bbe7677acac340
TAGATLAS_FA_5.png,4b90aee8d8ddc9079762656ed640788ffe9ad1dbee07a2c87246c24254d459be
FarawayAtlas_Memories_1.png,34ba973f113b6e06d2eaf085d7dd7e693c7787b15bb4a645a346034f5c77de22
TAGATLAS_6.png,047067e1197c1e738d0ce5b0be5c944b4812bcdfcdac555701785d734c5798f8
FarawayAtlas_04_7.png,162b2204181a2820f8a8422c1c5d8e85e997fd53852d885ed1bed1d66c8f9c2e
end_battle_player_is_gone-Scene-004-01.png,6eeef3efe919c7a8923debc94f44df40373a66cc72c5d42fbb6d4bb384f87e69
final_duet-Scene-022-01.png,f9261b23bb812a1713554d6181ddb2e727e1d2364790f78e7f29f836dfe995f9
end_battle_omori_is_gone-Scene-003-01.png,cc8bc7d197a0953858179000906bc192b082b126be9ebffa72ba62dca3ef51c9
player_keeps_going-Scene-026-01.png,35214f4cb75f9db8ff72e4d2f026fddb87b932dbececec9aa68f4154a636a856
final_duet-Scene-030-01.png,f597ae1db7b89cd70dbfbec5d0f235d99b02e2aea888d1c54fc3b0b1df143220
player_keeps_going-Scene-024-01.png,1c0b9a022d00cf1bed5a4b4154a2b3bcd0897eed674e8977998a6520be8237f6
end_battle_omori_is_gone-Scene-002-01.png,43de745b8e92bdd7464925736ab233a27f2ad50a62ff19a4a2072137a8415d13
omori_origin-Scene-004-01.png,913a094dc50d16f0d43fa01f5793955daea59ce04dff710c13f7c9a2a2ff7c5d
final_duet-Scene-027-01.png,c29ab6260e9dcb2a7f78813f2dd65072fe1f65d0c67617c738ded895cce3aa20
final_duet-Scene-059-01.png,3aef2ac816f8d98fd9ee362eb732377ee3a1adbce8f7c49afcc9af50b92c513e
omori_origin-Scene-007-01.png,891f8799cc7f301bf77b2e0e249000cfc5590ca2505c1736c512883cc0b71606
final_duet-Scene-015-01.png,c334c8c134d9fd6c948741e7b91b58dc62c272a20bcd85a7a497ae9b76f175de
omori_origin-Scene-002-01.png,9e42b44ea793fb4d9bd1dbaa6eccf31e41560c3e1617d095a1699cbcbdefe05e
player_keeps_going-Scene-023-01.png,e061316d7bf7619f87521eae08d3fd220a4a8dcc7cac2522b46232dfde681f66
bookcase_animation_final-Scene-010-01.png,a3f85cc3ff0bc785ba502eb2e414881f94057bd94be8a6bce19f654cfcbd4bfd
omori_saves_player-Scene-013-01.png,581d4b80d267d34f817885ceaf344366da0d25b8900eb7a88094b76094848800
player_wakes_up_hospital-Scene-004-01.png,3abbb3eee4a66a36dd0c001053893d56ac22e94f931132b88448707352574934
final_duet-Scene-020-01.png,e29c10f3425b8d23857c7d33d9de85d25c6b911df948d13104191c92c1d5fa72
something_alone-Scene-003-01.png,042f24f12f6dc8f90ee8c1052d29eb49f75392284e5f9acd17dbfbdf30e45ba6
final_duet-Scene-047-01.png,ef32042d951e3873335a790db836ce2c9ff1f4860880507d2f9035b6edae3a5b
something_alone-Scene-006-01.png,87f70af7683bdec875ee944596c7e3d9bf2d75d0f475d78aa4a77fe11d54c0c3
end_battle_player_is_gone-Scene-007-01.png,1673e32d4d88736b374353e226ae7a829ba36a5d18c8ca38bd7a4b3f77322947
final_duet-Scene-023-01.png,35d087217bd18c53563f81b0c1b7b82f71ace465ef0b8e50851e7545d9c1a133
omori_origin-Scene-005-01.png,0c435daa90d82b52a05002cbe8aed25353de84e2fe07fadff1bb150449101e59
final_duet-Scene-032-01.png,25b30630ea22efdc7e0c35989fbfa06470c4b55a7bb70b34def2a211442eb5af
final_duet-Scene-041-01.png,234bdc0ed3a9c41ca4dffb702e5bad3ec3f2639baa7e2b0da61ad813eca441b7
secret_ending-Scene-009-01.png,4b2aacc29d20779fe49122053fa096fe04ac4951c508475780aeac0958466682
end_battle_player_is_gone-Scene-001-01.png,659fd2a1a5cca6055c0d2f0bda410c525736aa9ad5ec0e8bfc2b59fb2df89854
final_duet-Scene-016-01.png,03c9a3813102086c20fc356a08aa224bc0da662198bc254ec6899709bc891f50
omori_origin-Scene-006-01.png,8e723358862a93577fab51a77c5c2a63cf61d98105625cc1ab8729d6cdab5ba5
final_duet-Scene-009-01.png,f7d0d043c00b3c2be28b4205f11117f51961b2bdc5d83237bb57da7dc3c5c36c
bookcase_animation_final-Scene-012-01.png,1296cae17b80699ec70273b878c646d5e432255a84d8b8d485a55273b14df9dd
omori_saves_player-Scene-004-01.png,7879c0b845ee6aba9ec4eff0599c305b1ab25c1398008f84cb7978822a3e66f0
player_keeps_going-Scene-018-01.png,b269940748d63a608ff38fd367509142d37de47dd558b9e5554e3ec276a204b9
player_keeps_going-Scene-017-01.png,021baeb8807df9585e6b157d637738fef906eb8342e13c949034d27bdbc48237
final_duet-Scene-002-01.png,3a4905f4703fc00e1f1b059c28a4f9d68cd00924ee85d0b72344616168c618eb
something_alone-Scene-002-01.png,c7bac6e8b820f55ade2fa08a20690b5648e7d38e6dde92bf7a71182209056bce
player_keeps_going-Scene-012-01.png,9084529858adf9c068093181a7c1f78933450d93095673cde855707ec7e34bb0
secret_ending-Scene-010-01.png,28e0d98ebfed13a3be4f2f50a5ec10ef3d9ab743718f6322ae837c61591a7821
player_wakes_up_hospital-Scene-002-01.png,9a95b3db6cb59be3e6bcfdcf96b9aff91a9514f623ca75ff357fee64879c1b54
final_duet-Scene-007-01.png,2b151d77bc753b306ef873ff54d583824dbe37e3dca3904962a878b31e22bbf5
player_keeps_going-Scene-013-01.png,6eac068cafc54259d08d649672a75d6ee28e0f81365e36eec5b248eb77abc25f
something_alone-Scene-001-01.png,0b9cb2c18ffae4c7771bb035adae675256491afa92133071683cb7bfa38cb43b
something_alone-Scene-007-01.png,591498d38defb6a2244d0ad4c6427255ad6351f8c3b2a5209dc62c85a5767e4c
trueform_final-Scene-006-01.png,88afa9b40f0b32dfd444148207cfad046301b7916d232dea1cdef0d2e9d89893
final_duet-Scene-011-01.png,fad67ae5316eaa821cc828fea314b76b757fe5dc5b220d4f03137d8c90159891
end_battle_player_is_gone-Scene-003-01.png,646c7ad057a84e043189602ad9fa1e59c4dfa8bdd308d860307eb4604781ed20
player_keeps_going-Scene-008-01.png,7c9c9401791e2590074916cd2452e9da6714002560b9d04d2744481ce4a814e1
final_duet-Scene-053-01.png,b5be987d8c2ff4f5dc3cb0f5db8fe464eef691fe8391f03a3b7cbfeec6be066c
final_duet-Scene-006-01.png,78d9a0e44c8c728949614a6b639153b5cf4aacda94a6e3cb939c4c6790a4a04d
final_duet-Scene-013-01.png,2193d72bea39284f52d753974dfa967ec0f92e19487c88ff0bb8e72339106ee2
player_keeps_going-Scene-009-01.png,4d28f3a41028983d9b2ab8ea2a4df812cc8733235fb4438a8bd2b3d4fcc3ec3b
final_duet-Scene-021-01.png,6262acf96941d391ea273e059c26e0c032e4f2506e49c2cdeeb2f9ba3bb5834d
omori_saves_player-Scene-012-01.png,67ca2d3bce4b98e08acdf4b7ef10e128f9eed781b8b928604c25c37e39537a31
final_duet-Scene-017-01.png,39b677aa85b93d69aa108a0e915924d70d4abe4c4d9c603516096c3cf90c0d27
omori_saves_player-Scene-011-01.png,394319f66837d05afd82e105aecc9d6d8caf855d12e2acdfbf9e2f8132b6451d
player_keeps_going-Scene-016-01.png,1847f1b700c12c78cc75e4ce6a4a54503db9809a2eaef6892339a73d1ff56da8
trueform_final-Scene-004-01.png,e880dce8b5d6efa927572dc64792eb06199179290cd43d302f79ae9c83be0126
omori_saves_player-Scene-002-01.png,7d4b66c693c494336ace39e7c5070d4ede984d522671f9a32a5405e65f0422f6
end_battle_omori_is_gone-Scene-004-01.png,d80b834215c54f817c35e9bb29e390ca442ae12cadc06e036bdfdd3bb6da58cc
final_duet-Scene-052-01.png,af24b7bd4c75a47b97841f814822c982deb1569c1a59cd4b13f422ebe4e91529
end_battle_player_is_gone-Scene-006-01.png,2c1aabb7ad62c639576e9c15c52ff016103549ad001ce000f2e6b0cc9bd1c58f
final_duet-Scene-050-01.png,a37d36deac1989b63b05b40bfa428752f5f203bea7059a0d838620ca8eeab6d8
player_keeps_going-Scene-003-01.png,bc29cc030c453f60e668a77c803486fc0c1dd3c6fc6789aa5af3f1f9601e55a1
final_duet-Scene-035-01.png,13e58bb8be28bef6bf24a7a3605b75db2b5bda5654e7275dc9951b45f61bc4c3
final_duet-Scene-019-01.png,2724fdb6ade5a7752b2c3c7a0ce68e326dbc323f5c0ab10b407d867de45a09c2
player_keeps_going-Scene-015-01.png,fb3df355928cd47d4c8b22240d53588e1b89eaf07509da6c69b0a3b7646eb19a
final_duet-Scene-028-01.png,882e0e80f0a13667f3875201caa9975bb4ebc4e59f83021bbd7655bc39529a04
player_wakes_up_hospital-Scene-007-01.png,8b2483ead8ab0479510b1fbf21c3200ed4b5fe9e787f4faadf7e0c1c5f009ea5
end_battle_player_is_gone-Scene-002-01.png,188090ec7fd7b07a5703005b56821c499b434e019a9636b330aa7eb939e91bf5
player_wakes_up_hospital-Scene-005-01.png,f81c0b9cdaade40b26b08ea33f781a1e93394ce671b55ad5a86d2b9f66bc7877
final_duet-Scene-048-01.png,3992872f804763f57d5d96f3a343b78d0bf0c453441eec6d1bdc875a78ac75cb
player_wakes_up_hospital-Scene-003-01.png,69e7f4120b6f3bb693ab82294641a9fb42bc5ea0286339a5edcef32eb00f5728
final_duet-Scene-004-01.png,6553e7b341dc1385d2b46110fe7708905084b648b252901837f4e26b50818201
final_duet-Scene-040-01.png,54a7dcbc9b62e04ddc24ddeb9eea73f529da04fc805c594b45ea97070ca8149a
omori_saves_player-Scene-006-01.png,f28b63b1e51c6f63ca158efe7a408a0df289092784bc184d7ad2e2ee3b6767e8
final_duet-Scene-003-01.png,1ccf8013605292670ae6835ffd91d91ae2c51b5e3d8f57e65aab37a8974c0789
player_keeps_going-Scene-021-01.png,2c9abb2e7ff2ea985111dd7d76f658613148dc7d6802ab96748f474133ec4bc3
end_battle_omori_is_gone-Scene-001-01.png,81496d8603a6c7e07c84ebde05379cc6d3eb17ac9b554405671f89a3c63096e8
player_keeps_going-Scene-025-01.png,699548671a2f23c53d7cecb64647b57918c618e64bfff21404d9d698868b4993
player_wakes_up_hospital-Scene-008-01.png,dee8dfc717a5f0ff3c780df2c55a2fba9a8c9a7c4e7ac74f32a22f9b5623ad5c
trueform_final-Scene-008-01.png,c3dae9be5740b4b683a15f60a20691597b9d96e7e6b8f4c84f90889b258319a1
player_keeps_going-Scene-004-01.png,a1f0cc65d7d9f0f550c6bab4c542c3dff0d3155fc1ed3c9a5cbf14507143bba9
player_keeps_going-Scene-019-01.png,565f29ac1afa2871aa3aa5894977fccb7c0fab07be4f223889e252f9194598d9
final_duet-Scene-042-01.png,08302eac3435bd35d89f1ef514a3055f7931f62df8f0c335300f8a2233dfaed2
final_duet-Scene-025-01.png,49025f04c3c021a40d6d461ae6049899645a4fc6c9ded30b03ebf5423b749820
bookcase_animation_final-Scene-008-01.png,4160f12adeead6c4e58a7d79caa9bc00859f395d1dd45af1ff7f9dd2fd9455e0
secret_ending-Scene-011-01.png,cc5a127c208af1700583072a0ec90443790551b378e3b0613e11b79d98312653
omori_origin-Scene-001-01.png,1940af50e242a8166d63c789d2f5a08999aac961c499d4d2c8764628d0a0708a
trueform_final-Scene-002-01.png,9c57a2145ea7c72b2e3d50b32090aaf20143e9ee4a735f7d3ecff6fb485d7794
player_keeps_going-Scene-002-01.png,e2949c9a960ac73cbfcc2fb447c838ba8340917f4d0e8777cf539944486d7f17
final_duet-Scene-014-01.png,f63d99183580ad4ac1ea5a9c7ab54e60439dc4d60a56a9f14427986ad1a8aaa0
final_duet-Scene-031-01.png,fa023211c5cd8daf939be017763743de75d9edd057d666d980bddb4a582eaf2d
final_duet-Scene-008-01.png,18f88bc731fc03be729664f19cd5cce97d11ebf82e1e3bbec6720e0e919b7315
player_keeps_going-Scene-014-01.png,b85809c9bc406994b5f072d486da640b2f2b29b2befccce2b22d392ed1ef382e
omori_origin-Scene-003-01.png,15a822c7fba2440d5c4b42490c39c1cf76be94e687b710cf365abda43e51c855
bookcase_animation_final-Scene-006-01.png,3df50a27b022d8ea4c66f326266ee6d9ca0db9996b11e7616c137fd066bfae96
final_duet-Scene-024-01.png,d573eba9d3b6873745f03c21907be6f94a0ca260e9c9b4aa7393eb02ad0634fb
final_duet-Scene-045-01.png,933951e4b41eed43b8761c73ff6c0ffee81fe183a2a6d378a6f8134a180d7ad0
player_keeps_going-Scene-020-01.png,b72f191eeed7eb9bda864c31ab7aab1f58f534daa21add453d2d983a08eff8be
final_duet-Scene-037-01.png,495c58a17a586d18b25b31a1cc7fec7d944a9df434e5fbffa33d1ad93ae36e74
final_duet-Scene-038-01.png,9feb0fa16f1e27abf83518db74f3701028b936cac45f73a396cf55cc401cbd36
player_keeps_going-Scene-007-01.png,93f0b6b455b1d768cd48a784fde1892fb6766e5007756f4bfa85e3f73df8d733
omori_saves_player-Scene-009-01.png,fe8fd31b46941147fb8e49ffc8364004ccb2794ec858f5dcbb0b1b7b0077d027
final_duet-Scene-049-01.png,daaf550da68735b75e60b4b04afd7502b6eda8acd6f2892f228752038e41b8ac
omori_saves_player-Scene-014-01.png,e981629e56e54b5a377b814ed7c11a6dcdef7d0aea2398df96f9a49c147a73e9
final_duet-Scene-026-01.png,e93ed74e809ebc9df45334eb05957010dbe647946b46383134749a0327980415
final_duet-Scene-018-01.png,b89dc416f859d76ec117f29799cab997e968da86aaa10088f0ca373fc0bd87b3
omori_saves_player-Scene-008-01.png,4eeb8aad6a36b688d7ed2a65206af2b214b168dc510e575f73e580d0123c8de2
final_duet-Scene-058-01.png,829dee5fd74565ed14e8c45a794b8d0eb76959b9f61145d233dd2e7e5372fc66
final_duet-Scene-056-01.png,196b019216b15defe423e2e03ca6a0921e700126cd06ddf01e290e043eb023a3
player_keeps_going-Scene-010-01.png,cb98eb7402277b59957a2d31a7a1faa8ea0a563e3b41b6f378872860491c1a6f
final_duet-Scene-051-01.png,6e380afcc4eed1660a852e657a7f43e90b059bf8af76ef55f332e29f0525d43d
trueform_final-Scene-007-01.png,aabaffc60a0c7b62791c97ee468d20ef854c89f3d0c92c1d9623445ed9433e36
omori_saves_player-Scene-005-01.png,4f74d8fbd16f78be7e30ba5a3758bf6659bd98697dbecd9074c1c9fd71ca8369
final_duet-Scene-012-01.png,bc477c057c380308113e9a12ce30d9e2ba3a5401202facdb2c05c7a253379ba7
final_duet-Scene-046-01.png,3fa0effa57e949835e961fdc6a37379587364f300efac2f16e80672ebecc494c
player_wakes_up_hospital-Scene-006-01.png,aa72dcfc896bc1e24d77010a848a1e2f5241467f7d9018825a94fd03de1de2a7
final_duet-Scene-033-01.png,92064d811159e15760792533785bb9f9526515a57ebb0d682d65eb168791b65d
trueform_final-Scene-003-01.png,ba3f9eb97f4a12e8cb4634d798688c30302e66f28cbdd89c20093c92222c4c5c
omori_saves_player-Scene-010-01.png,59ebcd67cc9d35833e82c292ab1f4c2b613d6cae5e613cbf248bbffe5c6ec195
player_keeps_going-Scene-022-01.png,f0abf3c03cafa9691077acc3840ac4702aad3ec1e50ddf363c14e8c8e8156f87
whitespace_something-Scene-001-01.png,5ff0841e72e7378abc4d0aa757d6662055155799ee9a5e69ccec6e519cd99c05
end_battle_omori_is_gone-Scene-005-01.png,23e2370dba514f97edf3882d1789ab20dfaee037124911221530a9a27062f595
whitespace_something-Scene-002-01.png,b64e747d58ae67c242e7946889196819c273e34f79bbccb1454025d1e9fc8803
end_battle_player_is_gone-Scene-005-01.png,b5ac7b67ad18065aff37631f4cada82aedbff9a29db5c2273790d0e7ebb96f4d
trueform_final-Scene-005-01.png,2c14991c16cae6c59fd37abbea38e2aec04fa93fa7eedae933304bb298c6869e
player_keeps_going-Scene-001-01.png,8a8ee2b21cecee13de6e6c72f5955a8d5b80efa5e7f252872b4c907b409ba126
omori_saves_player-Scene-003-01.png,54a1bdd1c7acf57226d88bfd4faa7f363c6f267f84f7ffd5299a5bd2e6238d58
bookcase_animation_final-Scene-011-01.png,6d3ada750d22d2ae292c775e1d986b874165b5454771b052f106ffd9aaa6ce19
final_duet-Scene-043-01.png,acb905658e65e33e27803340e5f2cea23202737807c1ebb46e809ac31ad0a136
player_keeps_going-Scene-011-01.png,02ff2cd7e22bba56c5ba395ab1ea5baa23a29647b81f0037c38d85f1c883d4e6
final_duet-Scene-010-01.png,580fe2be62deb52408aad1985d01090fc6d95f1bad9530b2ec98b2b29f82ef2f
bookcase_animation_final-Scene-007-01.png,e6118ce6fda398914793ba35563a38706170ae3e3b0d7aac65c56271bc8bf888
player_keeps_going-Scene-006-01.png,ff198f8d29a2693e385a0cdd98d45e4459a60bc9685362392f7f140b5d9e15ef
something_alone-Scene-004-01.png,ebf096677f24b79b7473b18d2932d0b2d883e185be59ed03fdd2518c888eb6b1
player_keeps_going-Scene-005-01.png,23314d7a4b6a0fcccb5a99d49eab8829a5801f5386e96f4bb5404a8bcdf25dc6
final_duet-Scene-039-01.png,21a734ac633aa1e98f7d3b2728e964ebb494f6e89269bffa2a0098fcdb29ad88
something_alone-Scene-005-01.png,e38b80d657a58dd3844072ce776c5f7bc9061788796657fc819f437c0b9fafde
bookcase_animation_final-Scene-009-01.png,3760563207f93ef35c6a8f831e19941b71e41311f426902e51404014f6f7efdd
omori_saves_player-Scene-001-01.png,9b69b69e97622625a1ecf361c3e468af2eaa6c517647ee85847f652c3bc60077
final_duet-Scene-036-01.png,907eb4bccfe098895702ec2f015778b74fc7c000b9c9272973fedf7554557c8c
